Workbook
Name Qulaity: #REF!
Name メーカー: #REF!
Name メーカーコード: [1]Sheet2!$B$3:$B$5
Name 試薬・資材: #REF!
Name 製造・品質: #REF!
Name 発注業者: #REF!

Sheet 発注依頼票
A1: ID# (YYMM-XXX-PJ code) | B1: PJコード | D1: 発注者 | E1: 品名 | F1: 備考 | G1: メーカー | H1: メーカーコード | I1: 業者 | J1: 注文数 （販売数量）
J2: 0
J3: 0
J4: 0
J5: 0
J6: 0
J7: 0
J8: 0
J9: 0
J10: 0
J11: 0

Sheet 発注書
A1: 発注書
Z2: =TODAY() -> 46042
A3: 株式会社〇〇 | L3: 御中
U4: 千葉県千葉市中央区亥鼻1-8-15
U5: 千葉大亥鼻イノベーションプラザ208
U6: セルジェンテック株式会社
U7: 担当： | W7: 千賀 聡志
U8: TEL：FAX 043-441-4121
B10: 平素よりお世話になっております。下記の通り発注させて頂きますのでご確認下さい。
B11: 下記発注内容で受注頂ける場合はお手数ですが発注請書に納品予定日、金額をご入力の上、３日以内にご返送ください。
B13: 何卒、宜しくお願い申し上げます。
A15: № | B15: 管理ID | E15: 品名 | L15: メーカー | P15: 数量 | V15: 納品先 | AB15: 見積書番号
L16: 型番 | AB16: 備考
A17: 1 | B17: =IF(発注依頼票!A2="","",発注依頼票!A2) | E17: =IF(発注依頼票!E2="","",発注依頼票!E2) | L17: =IF(発注依頼票!G2="","",発注依頼票!G2) | P17: =IF(発注依頼票!J2="","",発注依頼票!J2) -> 0 | V17: 納品場所/発注者
L18: =IF(発注依頼票!H2="","",発注依頼票!H2)
A19: 2 | B19: =IF(発注依頼票!A3="","",発注依頼票!A3) | E19: =IF(発注依頼票!E3="","",発注依頼票!E3) | L19: =IF(発注依頼票!G3="","",発注依頼票!G3) | P19: =IF(発注依頼票!J3="","",発注依頼票!J3) -> 0
L20: =IF(発注依頼票!H3="","",発注依頼票!H3)
A21: 3 | B21: =IF(発注依頼票!A4="","",発注依頼票!A4) | E21: =IF(発注依頼票!E4="","",発注依頼票!E4) | L21: =IF(発注依頼票!G4="","",発注依頼票!G4) | P21: =IF(発注依頼票!J4="","",発注依頼票!J4) -> 0
L22: =IF(発注依頼票!H4="","",発注依頼票!H4)
A23: 4 | B23: =IF(発注依頼票!A5="","",発注依頼票!A5) | E23: =IF(発注依頼票!E5="","",発注依頼票!E5) | L23: =IF(発注依頼票!G5="","",発注依頼票!G5) | P23: =IF(発注依頼票!J5="","",発注依頼票!J5) -> 0
L24: =IF(発注依頼票!H5="","",発注依頼票!H5)
A25: 5 | B25: =IF(発注依頼票!A6="","",発注依頼票!A6) | E25: =IF(発注依頼票!E6="","",発注依頼票!E6) | L25: =IF(発注依頼票!G6="","",発注依頼票!G6) | P25: =IF(発注依頼票!J6="","",発注依頼票!J6) -> 0
L26: =IF(発注依頼票!H6="","",発注依頼票!H6)
A27: 6 | B27: =IF(発注依頼票!A7="","",発注依頼票!A7) | E27: =IF(発注依頼票!E7="","",発注依頼票!E7) | L27: =IF(発注依頼票!G7="","",発注依頼票!G7) | P27: =IF(発注依頼票!J7="","",発注依頼票!J7) -> 0
L28: =IF(発注依頼票!H7="","",発注依頼票!H7)
A29: 7 | B29: =IF(発注依頼票!A8="","",発注依頼票!A8) | E29: =IF(発注依頼票!E8="","",発注依頼票!E8) | L29: =IF(発注依頼票!G8="","",発注依頼票!G8) | P29: =IF(発注依頼票!J8="","",発注依頼票!J8) -> 0
L30: =IF(発注依頼票!H8="","",発注依頼票!H8)
A31: 8 | B31: =IF(発注依頼票!A9="","",発注依頼票!A9) | E31: =IF(発注依頼票!E9="","",発注依頼票!E9) | L31: =IF(発注依頼票!G9="","",発注依頼票!G9) | P31: =IF(発注依頼票!J9="","",発注依頼票!J9) -> 0
L32: =IF(発注依頼票!H9="","",発注依頼票!H9)
A33: 9 | B33: =IF(発注依頼票!A10="","",発注依頼票!A10) | E33: =IF(発注依頼票!E10="","",発注依頼票!E10) | L33: =IF(発注依頼票!G10="","",発注依頼票!G10) | P33: =IF(発注依頼票!J10="","",発注依頼票!J10) -> 0
L34: =IF(発注依頼票!H10="","",発注依頼票!H10)
A35: 10 | B35: =IF(発注依頼票!A11="","",発注依頼票!A11) | E35: =IF(発注依頼票!E11="","",発注依頼票!E11) | L35: =IF(発注依頼票!G11="","",発注依頼票!G11) | P35: =IF(発注依頼票!J11="","",発注依頼票!J11) -> 0
L36: =IF(発注依頼票!H11="","",発注依頼票!H11)

Sheet 発注請書
A1: 発注請書
V2: ご入力日：
A3: セルジェンテック株式会社 | L3: 殿
S4: 貴社名： | W4: 株式会社〇〇
S5: ご担当者名：
B7: 下記の通り発注を承りましたので発注請書をお送りいたします。
A9: № | B9: 管理ID | E9: 品名 | L9: メーカー | P9: 数量 | R9: 単価(税抜) | V9: 納品先 | AB9: 見積書番号
L10: 型番 | R10: 小計(税抜) | V10: 納品予定日 | AB10: 備考
A11: 1 | B11: =IF(発注依頼票!A2="","",発注依頼票!A2) | E11: =IF(発注依頼票!E2="","",発注依頼票!E2) | L11: =IF(発注依頼票!G2="","",発注依頼票!G2) | P11: =IF(発注依頼票!J2="","",発注依頼票!J2) -> 0 | V11: =IF(発注書!V17="","",発注書!V17) -> 納品場所/発注者 | AB11: =IF(発注書!AB17="","",発注書!AB17)
L12: =IF(発注依頼票!H2="","",発注依頼票!H2) | R12: =P11*R11 -> 0
A13: 2 | B13: =IF(発注依頼票!A3="","",発注依頼票!A3) | E13: =IF(発注依頼票!E3="","",発注依頼票!E3) | L13: =IF(発注依頼票!G3="","",発注依頼票!G3) | P13: =IF(発注依頼票!J3="","",発注依頼票!J3) -> 0 | V13: =IF(発注書!V19="","",発注書!V19) | AB13: =IF(発注書!AB19="","",発注書!AB19)
L14: =IF(発注依頼票!H3="","",発注依頼票!H3) | R14: =P13*R13 -> 0
A15: 3 | B15: =IF(発注依頼票!A4="","",発注依頼票!A4) | E15: =IF(発注依頼票!E4="","",発注依頼票!E4) | L15: =IF(発注依頼票!G4="","",発注依頼票!G4) | P15: =IF(発注依頼票!J4="","",発注依頼票!J4) -> 0 | V15: =IF(発注書!V21="","",発注書!V21) | AB15: =IF(発注書!AB21="","",発注書!AB21)
L16: =IF(発注依頼票!H4="","",発注依頼票!H4) | R16: =P15*R15 -> 0
A17: 4 | B17: =IF(発注依頼票!A5="","",発注依頼票!A5) | E17: =IF(発注依頼票!E5="","",発注依頼票!E5) | L17: =IF(発注依頼票!G5="","",発注依頼票!G5) | P17: =IF(発注依頼票!J5="","",発注依頼票!J5) -> 0 | V17: =IF(発注書!V23="","",発注書!V23) | AB17: =IF(発注書!AB23="","",発注書!AB23)
L18: =IF(発注依頼票!H5="","",発注依頼票!H5) | R18: =P17*R17 -> 0
A19: 5 | B19: =IF(発注依頼票!A6="","",発注依頼票!A6) | E19: =IF(発注依頼票!E6="","",発注依頼票!E6) | L19: =IF(発注依頼票!G6="","",発注依頼票!G6) | P19: =IF(発注依頼票!J6="","",発注依頼票!J6) -> 0 | V19: =IF(発注書!V25="","",発注書!V25) | AB19: =IF(発注書!AB25="","",発注書!AB25)
L20: =IF(発注依頼票!H6="","",発注依頼票!H6) | R20: =P19*R19 -> 0
A21: 6 | B21: =IF(発注依頼票!A7="","",発注依頼票!A7) | E21: =IF(発注依頼票!E7="","",発注依頼票!E7) | L21: =IF(発注依頼票!G7="","",発注依頼票!G7) | P21: =IF(発注依頼票!J7="","",発注依頼票!J7) -> 0 | V21: =IF(発注書!V27="","",発注書!V27) | AB21: =IF(発注書!AB27="","",発注書!AB27)
L22: =IF(発注依頼票!H7="","",発注依頼票!H7) | R22: =P21*R21 -> 0
A23: 7 | B23: =IF(発注依頼票!A8="","",発注依頼票!A8) | E23: =IF(発注依頼票!E8="","",発注依頼票!E8) | L23: =IF(発注依頼票!G8="","",発注依頼票!G8) | P23: =IF(発注依頼票!J8="","",発注依頼票!J8) -> 0 | V23: =IF(発注書!V29="","",発注書!V29) | AB23: =IF(発注書!AB29="","",発注書!AB29)
L24: =IF(発注依頼票!H8="","",発注依頼票!H8) | R24: =P23*R23 -> 0
A25: 8 | B25: =IF(発注依頼票!A9="","",発注依頼票!A9) | E25: =IF(発注依頼票!E9="","",発注依頼票!E9) | L25: =IF(発注依頼票!G9="","",発注依頼票!G9) | P25: =IF(発注依頼票!J9="","",発注依頼票!J9) -> 0 | V25: =IF(発注書!V31="","",発注書!V31) | AB25: =IF(発注書!AB31="","",発注書!AB31)
L26: =IF(発注依頼票!H9="","",発注依頼票!H9) | R26: =P25*R25 -> 0
A27: 9 | B27: =IF(発注依頼票!A10="","",発注依頼票!A10) | E27: =IF(発注依頼票!E10="","",発注依頼票!E10) | L27: =IF(発注依頼票!G10="","",発注依頼票!G10) | P27: =IF(発注依頼票!J10="","",発注依頼票!J110) -> 0 | V27: =IF(発注書!V33="","",発注書!V33) | AB27: =IF(発注書!AB33="","",発注書!AB33)
L28: =IF(発注依頼票!H10="","",発注依頼票!H10) | R28: =P27*R27 -> 0
A29: 10 | B29: =IF(発注依頼票!A11="","",発注依頼票!A11) | E29: =IF(発注依頼票!E11="","",発注依頼票!E11) | L29: =IF(発注依頼票!G11="","",発注依頼票!G11) | P29: =IF(発注依頼票!J11="","",発注依頼票!J11) -> 0 | V29: =IF(発注書!V35="","",発注書!V35) | AB29: =IF(発注書!AB35="","",発注書!AB35)
L30: =IF(発注依頼票!H11="","",発注依頼票!H11) | R30: =P29*R29 -> 0
A31: 小計 | R31: =SUM(R12,R14,R16,R18,R20,R22,R24,R26,R28,R30) -> 0
A32: 消費税額 | R32: =ROUND(R31*0.1,0) -> 0
A33: 合計 | R33: =SUM(R31:U32) -> 0
A34: ※黄色で着色した部分についてご入力ください。
